paper_id,AnonymousUser,ArchitSharma,ArchitSharmacfe32b0780384656,arcolife,arcolife7a0cc2bd622c4127,arcshams,caftlegs
0004030v1,,,,,,,
0008244v1,,,,,,,
0203017v1,,,,,,,
0205220v2,,,,,,,
0207047v3,,,,,,,
0212092v1,,,,,,,
0305165v1,,,,,,,
0501183v1,,,,,,,
0504141v1,,,,,,,
0509171v1,,,,,,,
0604144v1,,,,,,,
0608268v1,,,,,,,
0610139v1,,,,,,,
0611347v1,,,,,,,
0701121v1,,,,,,,
0701181v1,,,,,,,
0706.0750v2,,,,,,,
0808.2923v2,,,,,,,
0901.0902v2,,,,,,,
0903.4244v1,,,,,,,
0907.5143v2,,,,,,,
0911.4426v1,,,,,,,
1007.3838v1,,,,,,,
1010.5976v1,,,,,,,
1011.1841v1,,,,,,,
1101.0426v1,,,,,,,
1103.4289v1,,,,,,,
1106.1524v1,,,,,,,
1108.5491v1,,,,,,,
1110.3036v1,,,,,,,
1201.3611v1,,,,,,,
1304.1684v1,,,,,,,
1304.3144v1,,,,,,,
1306.1166v1,,,,,,,
1310.0361v1,,,,,,,
1310.3473v1,,,,,,,
1401.0828v1,,,,,,,
1402.5513v1,,,,,,,
9509004v1,,,,,,,
9803035v2,,,,,,,
9809193v1,,,,,,,
